Behavioral State,Estimate (Cropland),SE,Estimate (Natural),SE2
Combined,6.717207055521173,786.1171800141697,6.834528126103618,786.1084389349355
